epoch,time,train/box_loss,train/cls_loss,train/dfl_loss,metrics/precision(B),metrics/recall(B),metrics/mAP50(B),metrics/mAP50-95(B),val/box_loss,val/cls_loss,val/dfl_loss,lr/pg0,lr/pg1,lr/pg2
1,109.926,3.08464,3.24233,1.56991,0.16405,0.28072,0.16715,0.04818,2.68703,1.90793,1.35433,0.00041632,0.00041632,0.00041632
2,213.933,2.81663,2.28298,1.43504,0.14657,0.2691,0.13731,0.04037,2.61364,2.02803,1.4415,0.000816494,0.000816494,0.000816494
3,318.961,2.7537,2.06575,1.41034,0.32961,0.46882,0.30236,0.08477,2.68677,1.56014,1.39532,0.00120017,0.00120017,0.00120017
